{
  "n_replicates": 50,
  "m0_short_wage_change_pct": -0.050172326657403635,
  "m6_short_wage_change_pct": 2.3216953547787877,
  "m0_long_wage_change_pct": -0.33680201300115153,
  "m6_long_wage_change_pct": 6.413691925257468
}